city,state,lat,lon
Alvada,OH,41.05033,-83.40187
Antioch,TN,36.06006,-86.67222
Belden,MS,34.31038,-88.78839
Bethany,LA,32.37377,-94.03796
Blakeslee,PA,41.09251,-75.59267
Bois D Arc,MO,37.25644,-93.50770
Breezewood,PA,39.99901,-78.24042
Brogue,PA,39.87235,-76.48464
Candler,NC,35.54444,-82.68380
Canon City,CO,38.44225,-105.23488
Casa Blanca,NM,35.04632,-107.47139
Castle Creek,NY,42.22758,-75.91825
Cedar Grove,TN,36.25172,-86.52777
Chappell Hill,TX,30.14153,-96.25672
Chesterfield,VA,37.37779,-77.50467
Clear Brook,VA,39.25649,-78.09611
Clines Corners,NM,35.00950,-105.66918
Colgate,WI,43.19283,-88.20677
Cross Junction,VA,39.32038,-78.29334
Curtis Bay,MD,39.22522,-76.59003
Denmark,TN,35.53285,-89.00395
Diamond,OH,41.09895,-81.02287
Doswell,VA,37.86014,-77.46415
Drums,PA,41.01814,-75.99493
Dumont,CO,39.76469,-105.60034
Eastaboga,AL,33.60594,-86.02136
Edwards,IL,40.74587,-89.74427
Elizabethport,NJ,40.65010,-74.18709
Ellabell,GA,32.12354,-81.48567
Ellenwood,GA,33.61011,-84.28798
Etters,PA,40.22459,-76.89808
Fackler,AL,34.79258,-85.90998
Feasterville Trevose,PA,40.14841,-74.99347
Fortson,GA,33.37789,-84.28881
Franksville,WI,42.76002,-87.91341
Gansevoort,NY,43.19621,-73.65140
Gladstone,VA,37.54681,-78.84946
Glendale,KY,37.60173,-85.90552
Glenmont,NY,42.60480,-73.76957
Grassy Butte,ND,47.39251,-103.24797
Greentown,PA,41.32176,-75.30546
Grovertown,IN,41.37504,-86.50473
Gum Spring,VA,37.77553,-77.89681
Hamptonville,NC,36.09847,-80.76035
Hankamer,TX,29.85828,-94.62686
Harpursville,NY,42.17841,-75.62463
Hartford,TN,35.81676,-83.14321
Heiskell,TN,36.08182,-84.05398
Henrico,VA,37.62948,-77.51890
Hogansburg,NY,44.97394,-74.66324
Hot Springs National Park,AR,34.52907,-93.03014
Hunt Valley,MD,39.49226,-76.65895
Hurricane Mills,TN,35.97117,-87.78197
Irving,NY,42.56756,-79.11282
Irvington,AL,30.50686,-88.23389
Isom,KY,37.18788,-82.89877
Ivydale,WV,38.31010,-81.70457
Jean,NV,35.77886,-115.32438
Joelton,TN,36.31311,-86.86528
Kearneysville,WV,39.38816,-77.88555
Knoxville,AL,33.59177,-85.89719
Kodak,TN,35.97453,-83.62684
Lake Ariel,PA,41.45397,-75.38268
Lambsburg,VA,36.58541,-80.76118
Lanexa,VA,37.42376,-76.90108
Larsen,WI,44.19165,-88.62400
Lawrence,MS,32.32514,-89.23284
Leesville,SC,33.91653,-81.51344
Lenorah,TX,32.30456,-101.87625
Linwood,NC,35.75069,-80.31783
Maxwell,TX,29.88190,-97.79564
Middlebury Center,PA,41.84368,-77.27442
Middlesboro,KY,36.60730,-83.71433
Middleton,MI,43.18337,-84.70889
Midland,GA,32.57486,-84.82715
Milldale,CT,41.56614,-72.89997
Millersville,MD,39.05955,-76.64802
Milltown,MT,46.87130,-113.88172
Monroeton,PA,41.71258,-76.47466
Mount Nebo,WV,39.60230,-79.70783
New Boston,MI,42.16254,-83.40299
New Hampton,NY,41.40987,-74.41174
Newburg,MD,38.37735,-76.95331
Newport,MI,42.00227,-83.30854
Newton Lower Falls,MA,42.32580,-71.25634
North Billerica,MA,42.58526,-71.28776
North Jackson,OH,41.10013,-80.85717
North Oxford,MA,42.15009,-71.86841
Nottingham,MD,39.36400,-76.45218
Orla,TX,31.82501,-103.90901
Ottawa Lake,MI,41.76415,-83.74939
Pendleton,KY,38.46229,-85.30357
Pioneer,TN,36.41758,-84.31410
Providence Forge,VA,37.44243,-77.04396
Pryor,OK,36.30843,-95.31691
Pueblo Of Acoma,NM,34.89606,-107.58197
Quinton,VA,37.53279,-77.11544
Rabun Gap,GA,34.95721,-83.38645
Raphine,VA,37.93735,-79.23281
Ridgedale,MO,36.50395,-93.22379
Rising Fawn,GA,34.76008,-85.53108
Roans Prairie,TX,30.58365,-95.94332
Rockville,VA,37.72598,-77.67832
Rosedale,VA,36.95928,-81.93124
Round O,SC,32.93712,-80.54094
Ruther Glen,VA,37.94088,-77.46186
Saint Croix,IN,38.22395,-86.58634
Saint Johns,FL,29.90323,-81.41455
Sawyer,MI,41.88532,-86.58947
Skippers,VA,36.61182,-77.54665
Smiths Creek,MI,42.91392,-82.60381
Summerfield,FL,29.00859,-82.03481
Supply,NC,34.01767,-78.26750
Tafton,PA,41.40453,-75.18295
Teays,WV,38.44176,-81.95291
Tinnie,NM,33.37056,-105.22637
Townsend,VA,37.18498,-75.95847
Troy,VA,37.95097,-78.24639
Waddy,KY,38.13702,-85.07440
Wall,TX,31.37435,-100.30366
Waterfall,PA,40.12758,-78.06278
West Chesterfield,NH,42.90425,-72.51564
West Coxsackie,NY,42.36064,-73.81679
West Helena,AR,34.54401,-90.64262
Westover,MD,38.12401,-75.70632
Willow Beach,AZ,35.86978,-114.66007
Winnabow,NC,34.14934,-78.09360
Woodford,VA,38.11319,-77.40887
